{
  "users": [
    {
      "id": 1,
      "firstname": "ajay",
      "lastname": "patil",
      "email": "ajaypatil@gmail.com",
      "password": "123365"
    },
    {
      "firstName": "nikhil",
      "lastName": "tawale",
      "email": "nikhiltae@gmail.com",
      "password": "12334",
      "Register": true,
      "id": 2
    },
    {
      "id": 1,
      "firstname": "ajay",
      "lastname": "patil",
      "email": "ajaypatil@gmail.com",
      "password": "123365"
    },
    {
      "id": 1,
      "firstname": "ajay",
      "lastname": "patil",
      "email": "ajaypatil@gmail.com",
      "password": "123365"
    },
    {
      "firstName": "vishal",
      "lastName": "gavali",
      "email": "vishaliga@gmail.com",
      "password": "1232",
      "Register": true,
      "id": 3
    }
  ],
  "samsung": [
    {
      "id": 1,
      "title": "samsung oppio",
      "description": "fhj wedhgb gbbjhbcd",
      "price": "$200000",
      "image": "./assets/71poFSdDs5S._SX679_.jpg"
    },
    {
      "id": 2,
      "title": "samsung oppio",
      "description": "fhj wedhgb gbbjhbcd",
      "price": "$200000",
      "image": "./assets/71poFSdDs5S._SX679_.jpg"
    },
    {
      "id": 3,
      "title": "samsung oppio",
      "description": "fhj wedhgb gbbjhbcd",
      "price": "$200000",
      "image": "./assets/71poFSdDs5S._SX679_.jpg"
    },
    {
      "id": 4,
      "title": "samsung oppio",
      "description": "fhj wedhgb gbbjhbcd",
      "price": "$200000",
      "image": "./assets/71poFSdDs5S._SX679_.jpg"
    }
  ]
}
